<?xml version="1.0" encoding="UTF-8"?>
<project-private xmlns="http://www.netbeans.org/ns/project-private/1">
    <editor-bookmarks xmlns="http://www.netbeans.org/ns/editor-bookmarks/2" lastBookmarkId="0"/>
    <open-files xmlns="http://www.netbeans.org/ns/projectui-open-files/2">
        <group>
            <file>file:/C:/Users/DELL/OneDrive/Desktop/proj1/src/NewJFrame.java</file>
            <file>file:/C:/Users/DELL/OneDrive/Desktop/proj1/src/Home.java</file>
            <file>file:/C:/Users/DELL/OneDrive/Desktop/proj1/src/Main3.java</file>
            <file>file:/C:/Users/DELL/OneDrive/Desktop/proj1/src/Main4.java</file>
            <file>file:/C:/Users/DELL/OneDrive/Desktop/proj1/src/proj1/Proj1.java</file>
            <file>file:/C:/Users/DELL/OneDrive/Desktop/proj1/src/About.java</file>
            <file>file:/C:/Users/DELL/OneDrive/Desktop/proj1/src/Main2.java</file>
            <file>file:/C:/Users/DELL/OneDrive/Desktop/proj1/src/Main6.java</file>
            <file>file:/C:/Users/DELL/OneDrive/Desktop/proj1/src/abcd.java</file>
            <file>file:/C:/Users/DELL/OneDrive/Desktop/proj1/src/Main5.java</file>
            <file>file:/C:/Users/DELL/OneDrive/Desktop/proj1/src/Main1.java</file>
        </group>
    </open-files>
</project-private>
